Date,PJME_MW
2002-01-01,714857.0
2002-01-02,822277.0
2002-01-03,828285.0
2002-01-04,809171.0
2002-01-05,729723.0
2002-01-06,727766.0
2002-01-07,800012.0
2002-01-08,824710.0
2002-01-09,810628.0
2002-01-10,755317.0
2002-01-11,742741.0
2002-01-12,683205.0
2002-01-13,673268.0
2002-01-14,758471.0
2002-01-15,749371.0
2002-01-16,768234.0
2002-01-17,765151.0
2002-01-18,769035.0
2002-01-19,766232.0
2002-01-20,707590.0
2002-01-21,778438.0
2002-01-22,756951.0
2002-01-23,755864.0
2002-01-24,734778.0
2002-01-25,724412.0
2002-01-26,673840.0
2002-01-27,639494.0
2002-01-28,707708.0
2002-01-29,696677.0
2002-01-30,685796.0
2002-01-31,729020.0
2002-02-01,711909.0
2002-02-02,687530.0
2002-02-03,686370.0
2002-02-04,781528.0
2002-02-05,838901.0
2002-02-06,791281.0
2002-02-07,773402.0
2002-02-08,739912.0
2002-02-09,665362.0
2002-02-10,642901.0
2002-02-11,740796.0
2002-02-12,789807.0
2002-02-13,767164.0
2002-02-14,796215.0
2002-02-15,759953.0
2002-02-16,644450.0
2002-02-17,645198.0
2002-02-18,742299.0
2002-02-19,747740.0
2002-02-20,712180.0
2002-02-21,685299.0
2002-02-22,697311.0
2002-02-23,662570.0
2002-02-24,648815.0
2002-02-25,718081.0
2002-02-26,703666.0
2002-02-27,753861.0
2002-02-28,786219.0
2002-03-01,756887.0
2002-03-02,683816.0
2002-03-03,615464.0
2002-03-04,774052.0
2002-03-05,817351.0
2002-03-06,747963.0
2002-03-07,702524.0
2002-03-08,680682.0
2002-03-09,605297.0
2002-03-10,618204.0
2002-03-11,748522.0
2002-03-12,739974.0
2002-03-13,727489.0
2002-03-14,690593.0
2002-03-15,665987.0
2002-03-16,596716.0
2002-03-17,647746.0
2002-03-18,743591.0
2002-03-19,719426.0
2002-03-20,742596.0
2002-03-21,711240.0
2002-03-22,786065.0
2002-03-23,696246.0
2002-03-24,628654.0
2002-03-25,706636.0
2002-03-26,740223.0
2002-03-27,714165.0
2002-03-28,707897.0
2002-03-29,636759.0
2002-03-30,578432.0
2002-03-31,551994.0
2002-04-01,660494.0
2002-04-02,687613.0
2002-04-03,681449.0
2002-04-04,704041.0
2002-04-05,718623.0
2002-04-06,666345.0
2002-04-07,609001.0
2002-04-08,693387.0
2002-04-09,681338.0
2002-04-10,665711.0
2002-04-11,672245.0
2002-04-12,673127.0
2002-04-13,600343.0
2002-04-14,580506.0
2002-04-15,707337.0
2002-04-16,795878.0
2002-04-17,869130.0
2002-04-18,873253.0
2002-04-19,810692.0
2002-04-20,653474.0
2002-04-21,579630.0
2002-04-22,677322.0
2002-04-23,685431.0
2002-04-24,685822.0
2002-04-25,692133.0
2002-04-26,671908.0
2002-04-27,593258.0
2002-04-28,583363.0
2002-04-29,664942.0
2002-04-30,678676.0
2002-05-01,669293.0
2002-05-02,692024.0
2002-05-03,660572.0
2002-05-04,592177.0
2002-05-05,566469.0
2002-05-06,669601.0
2002-05-07,711207.0
2002-05-08,712312.0
2002-05-09,682712.0
2002-05-10,684371.0
2002-05-11,589959.0
2002-05-12,584470.0
2002-05-13,715500.0
2002-05-14,670896.0
2002-05-15,672111.0
2002-05-16,690924.0
2002-05-17,712957.0
2002-05-18,602082.0
2002-05-19,573478.0
2002-05-20,665933.0
2002-05-21,678756.0
2002-05-22,679662.0
2002-05-23,683462.0
2002-05-24,708157.0
2002-05-25,616304.0
2002-05-26,584436.0
2002-05-27,626146.0
2002-05-28,750204.0
2002-05-29,783474.0
2002-05-30,807672.0
2002-05-31,849477.0
2002-06-01,771455.0
2002-06-02,694947.0
2002-06-03,723630.0
2002-06-04,753659.0
2002-06-05,872231.0
2002-06-06,866047.0
2002-06-07,710618.0
2002-06-08,630612.0
2002-06-09,644785.0
2002-06-10,842135.0
2002-06-11,916543.0
2002-06-12,949212.0
2002-06-13,789582.0
2002-06-14,709865.0
2002-06-15,627423.0
2002-06-16,615881.0
2002-06-17,743860.0
2002-06-18,758100.0
2002-06-19,772430.0
2002-06-20,804631.0
2002-06-21,815867.0
2002-06-22,774474.0
2002-06-23,798612.0
2002-06-24,979873.0
2002-06-25,1009509.0
2002-06-26,1042318.0
2002-06-27,1027375.0
2002-06-28,911246.0
2002-06-29,816514.0
2002-06-30,808428.0
2002-07-01,945138.0
2002-07-02,1037579.0
2002-07-03,1100265.0
2002-07-04,1021888.0
2002-07-05,940684.0
2002-07-06,734859.0
2002-07-07,708865.0
2002-07-08,896083.0
2002-07-09,988249.0
2002-07-10,923274.0
2002-07-11,778413.0
2002-07-12,771706.0
2002-07-13,712285.0
2002-07-14,702322.0
2002-07-15,914836.0
2002-07-16,952913.0
2002-07-17,978813.0
2002-07-18,1058488.0
2002-07-19,1025907.0
2002-07-20,881769.0
2002-07-21,852133.0
2002-07-22,1007791.0
2002-07-23,1064356.0
2002-07-24,888279.0
2002-07-25,823389.0
2002-07-26,757130.0
2002-07-27,728853.0
2002-07-28,859107.0
2002-07-29,1100994.0
2002-07-30,1098451.0
2002-07-31,1048352.0
2002-08-01,1068775.0
2002-08-02,1077242.0
2002-08-03,940315.0
2002-08-04,951684.0
2002-08-05,1042815.0
2002-08-06,876309.0
2002-08-07,767298.0
2002-08-08,779124.0
2002-08-09,803163.0
2002-08-10,781112.0
2002-08-11,823847.0
2002-08-12,1009674.0
2002-08-13,1076072.0
2002-08-14,1093929.0
2002-08-15,1087066.0
2002-08-16,1072652.0
2002-08-17,993094.0
2002-08-18,985513.0
2002-08-19,1067386.0
2002-08-20,1007164.0
2002-08-21,927748.0
2002-08-22,938019.0
2002-08-23,943801.0
2002-08-24,810195.0
2002-08-25,779610.0
2002-08-26,849061.0
2002-08-27,863395.0
2002-08-28,793552.0
2002-08-29,723440.0
2002-08-30,707667.0
2002-08-31,641710.0
2002-09-01,595035.0
2002-09-02,613365.0
2002-09-03,790708.0
2002-09-04,914630.0
2002-09-05,831648.0
2002-09-06,769045.0
2002-09-07,693882.0
2002-09-08,684631.0
2002-09-09,828157.0
2002-09-10,893093.0
2002-09-11,824715.0
2002-09-12,727273.0
2002-09-13,737128.0
2002-09-14,716162.0
2002-09-15,738657.0
2002-09-16,848934.0
2002-09-17,798300.0
2002-09-18,771670.0
2002-09-19,782616.0
2002-09-20,809783.0
2002-09-21,778833.0
2002-09-22,764796.0
2002-09-23,776169.0
2002-09-24,721652.0
2002-09-25,712228.0
2002-09-26,706482.0
2002-09-27,727777.0
2002-09-28,667782.0
2002-09-29,599185.0
2002-09-30,698321.0
2002-10-01,739574.0
2002-10-02,811988.0
2002-10-03,839163.0
2002-10-04,782927.0
2002-10-05,744534.0
2002-10-06,598611.0
2002-10-07,713104.0
2002-10-08,672220.0
2002-10-09,678633.0
2002-10-10,692637.0
2002-10-11,692971.0
2002-10-12,619249.0
2002-10-13,587239.0
2002-10-14,654397.0
2002-10-15,688532.0
2002-10-16,695297.0
2002-10-17,688367.0
2002-10-18,683060.0
2002-10-19,622845.0
2002-10-20,588313.0
2002-10-21,681969.0
2002-10-22,696379.0
2002-10-23,694997.0
2002-10-24,714819.0
2002-10-25,711390.0
2002-10-26,622769.0
2002-10-27,576612.0
2002-10-28,694956.0
2002-10-29,735200.0
2002-10-30,761711.0
2002-10-31,741290.0
2002-11-01,737843.0
2002-11-02,679193.0
2002-11-03,656181.0
2002-11-04,731311.0
2002-11-05,735184.0
2002-11-06,727403.0
2002-11-07,732357.0
2002-11-08,719626.0
2002-11-09,630185.0
2002-11-10,598971.0
2002-11-11,688117.0
2002-11-12,702563.0
2002-11-13,719981.0
2002-11-14,721928.0
2002-11-15,696076.0
2002-11-16,660613.0
2002-11-17,662879.0
2002-11-18,746560.0
2002-11-19,770987.0
2002-11-20,738839.0
2002-11-21,740437.0
2002-11-22,719982.0
2002-11-23,694056.0
2002-11-24,652197.0
2002-11-25,729006.0
2002-11-26,733487.0
2002-11-27,764195.0
2002-11-28,695280.0
2002-11-29,722226.0
2002-11-30,673470.0
2002-12-01,713296.0
2002-12-02,791862.0
2002-12-03,843500.0
2002-12-04,876796.0
2002-12-05,866240.0
2002-12-06,829958.0
2002-12-07,791071.0
2002-12-08,745114.0
2002-12-09,855047.0
2002-12-10,881712.0
2002-12-11,864566.0
2002-12-12,807515.0
2002-12-13,811306.0
2002-12-14,729167.0
2002-12-15,696062.0
2002-12-16,791122.0
2002-12-17,849753.0
2002-12-18,859524.0
2002-12-19,808676.0
2002-12-20,746486.0
2002-12-21,714734.0
2002-12-22,685294.0
2002-12-23,742869.0
2002-12-24,733142.0
2002-12-25,708813.0
2002-12-26,770556.0
2002-12-27,790472.0
2002-12-28,744303.0
2002-12-29,698221.0
2002-12-30,770258.0
2002-12-31,709463.0
2003-01-01,662489.0
2003-01-02,770850.0
2003-01-03,808842.0
2003-01-04,749169.0
2003-01-05,742710.0
2003-01-06,816344.0
2003-01-07,849052.0
2003-01-08,808050.0
2003-01-09,763482.0
2003-01-10,766950.0
2003-01-11,773219.0
2003-01-12,771243.0
2003-01-13,842164.0
2003-01-14,861956.0
2003-01-15,874241.0
2003-01-16,898591.0
2003-01-17,876869.0
2003-01-18,867789.0
2003-01-19,826314.0
2003-01-20,852036.0
2003-01-21,902195.0
2003-01-22,941421.0
2003-01-23,977529.0
2003-01-24,949851.0
2003-01-25,833523.0
2003-01-26,787929.0
2003-01-27,932653.0
2003-01-28,947608.0
2003-01-29,874231.0
2003-01-30,863639.0
2003-01-31,836064.0
2003-02-01,760686.0
2003-02-02,713572.0
2003-02-03,780897.0
2003-02-04,784233.0
2003-02-05,828718.0
2003-02-06,855607.0
2003-02-07,829265.0
2003-02-08,787122.0
2003-02-09,769999.0
2003-02-10,832996.0
2003-02-11,852119.0
2003-02-12,867064.0
2003-02-13,892147.0
2003-02-14,861222.0
2003-02-15,801343.0
2003-02-16,862752.0
2003-02-17,846447.0
2003-02-18,825056.0
2003-02-19,826859.0
2003-02-20,783744.0
2003-02-21,796107.0
2003-02-22,748400.0
2003-02-23,721328.0
2003-02-24,827240.0
2003-02-25,834424.0
2003-02-26,889338.0
2003-02-27,873091.0
2003-02-28,824577.0
2003-03-01,748310.0
2003-03-02,700764.0
2003-03-03,847080.0
2003-03-04,849945.0
2003-03-05,769167.0
2003-03-06,806904.0
2003-03-07,834033.0
2003-03-08,717468.0
2003-03-09,664541.0
2003-03-10,823702.0
2003-03-11,839563.0
2003-03-12,780721.0
2003-03-13,753423.0
2003-03-14,775372.0
2003-03-15,687824.0
2003-03-16,626345.0
2003-03-17,683281.0
2003-03-18,684891.0
2003-03-19,723444.0
2003-03-20,774805.0
2003-03-21,709761.0
2003-03-22,616763.0
2003-03-23,594768.0
2003-03-24,680297.0
2003-03-25,684539.0
2003-03-26,687444.0
2003-03-27,689266.0
2003-03-28,682895.0
2003-03-29,615000.0
2003-03-30,648066.0
2003-03-31,763535.0
2003-04-01,765738.0
2003-04-02,706281.0
2003-04-03,687304.0
2003-04-04,705962.0
2003-04-05,660670.0
2003-04-06,600728.0
2003-04-07,769731.0
2003-04-08,789187.0
2003-04-09,780419.0
2003-04-10,745675.0
2003-04-11,747487.0
2003-04-12,630247.0
2003-04-13,588285.0
2003-04-14,677940.0
2003-04-15,680660.0
2003-04-16,697921.0
2003-04-17,680162.0
2003-04-18,689071.0
2003-04-19,609643.0
2003-04-20,559557.0
2003-04-21,654351.0
2003-04-22,675182.0
2003-04-23,691008.0
2003-04-24,694850.0
2003-04-25,672881.0
2003-04-26,610971.0
2003-04-27,573638.0
2003-04-28,669222.0
2003-04-29,676552.0
2003-04-30,670164.0
2003-05-01,691939.0
2003-05-02,706729.0
2003-05-03,589769.0
2003-05-04,566422.0
2003-05-05,674607.0
2003-05-06,682201.0
2003-05-07,698607.0
2003-05-08,696054.0
2003-05-09,673980.0
2003-05-10,604284.0
2003-05-11,598201.0
2003-05-12,673442.0
2003-05-13,671286.0
2003-05-14,673181.0
2003-05-15,677956.0
2003-05-16,676096.0
2003-05-17,612964.0
2003-05-18,587162.0
2003-05-19,677813.0
2003-05-20,680027.0
2003-05-21,681021.0
2003-05-22,681579.0
2003-05-23,671718.0
2003-05-24,598036.0
2003-05-25,566925.0
2003-05-26,578300.0
2003-05-27,665287.0
2003-05-28,678314.0
2003-05-29,683721.0
2003-05-30,693320.0
2003-05-31,618072.0
2003-06-01,584338.0
2003-06-02,671015.0
2003-06-03,679763.0
2003-06-04,688130.0
2003-06-05,690263.0
2003-06-06,692136.0
2003-06-07,625679.0
2003-06-08,593041.0
2003-06-09,704373.0
2003-06-10,742625.0
2003-06-11,793879.0
2003-06-12,853247.0
2003-06-13,821580.0
2003-06-14,763682.0
2003-06-15,747989.0
2003-06-16,738609.0
2003-06-17,700228.0
2003-06-18,724791.0
2003-06-19,773759.0
2003-06-20,735935.0
2003-06-21,633633.0
2003-06-22,608607.0
2003-06-23,790980.0
2003-06-24,898640.0
2003-06-25,956702.0
2003-06-26,1036745.0
2003-06-27,1005493.0
2003-06-28,779238.0
2003-06-29,792584.0
2003-06-30,936056.0
2003-07-01,884672.0
2003-07-02,868816.0
2003-07-03,814113.0
2003-07-04,827043.0
2003-07-05,905305.0
2003-07-06,911677.0
2003-07-07,992359.0
2003-07-08,1014793.0
2003-07-09,968649.0
2003-07-10,805043.0
2003-07-11,858933.0
2003-07-12,787143.0
2003-07-13,749689.0
2003-07-14,830918.0
2003-07-15,872057.0
2003-07-16,939385.0
2003-07-17,891350.0
2003-07-18,858494.0
2003-07-19,769910.0
2003-07-20,756917.0
2003-07-21,944239.0
2003-07-22,959305.0
2003-07-23,897854.0
2003-07-24,896023.0
2003-07-25,883964.0
2003-07-26,850910.0
2003-07-27,878437.0
2003-07-28,936559.0
2003-07-29,865124.0
2003-07-30,836739.0
2003-07-31,840196.0
2003-08-01,868529.0
2003-08-02,868813.0
2003-08-03,867294.0
2003-08-04,945997.0
2003-08-05,920799.0
2003-08-06,901603.0
2003-08-07,880294.0
2003-08-08,906738.0
2003-08-09,835581.0
2003-08-10,830991.0
2003-08-11,918935.0
2003-08-12,953600.0
2003-08-13,991426.0
2003-08-14,1002128.0
2003-08-15,998267.0
2003-08-16,874542.0
2003-08-17,804489.0
2003-08-18,865601.0
2003-08-19,888485.0
2003-08-20,940132.0
2003-08-21,1002926.0
2003-08-22,1041440.0
2003-08-23,832322.0
2003-08-24,679563.0
2003-08-25,844483.0
2003-08-26,910719.0
2003-08-27,924912.0
2003-08-28,907598.0
2003-08-29,919946.0
2003-08-30,861813.0
2003-08-31,676765.0
2003-09-01,718288.0
2003-09-02,801362.0
2003-09-03,785687.0
2003-09-04,830787.0
2003-09-05,779569.0
2003-09-06,666288.0
2003-09-07,657932.0
2003-09-08,774301.0
2003-09-09,761546.0
2003-09-10,736000.0
2003-09-11,752640.0
2003-09-12,722950.0
2003-09-13,694362.0
2003-09-14,749990.0
2003-09-15,838947.0
2003-09-16,786609.0
2003-09-17,749684.0
2003-09-18,710654.0
2003-09-19,689334.0
2003-09-20,686912.0
2003-09-21,643273.0
2003-09-22,749594.0
2003-09-23,763624.0
2003-09-24,714774.0
2003-09-25,745073.0
2003-09-26,755393.0
2003-09-27,721828.0
2003-09-28,659638.0
2003-09-29,683965.0
2003-09-30,679473.0
2003-10-01,684206.0
2003-10-02,687248.0
2003-10-03,688944.0
2003-10-04,625937.0
2003-10-05,596227.0
2003-10-06,682179.0
2003-10-07,694816.0
2003-10-08,699297.0
2003-10-09,707836.0
2003-10-10,690531.0
2003-10-11,614244.0
2003-10-12,597463.0
2003-10-13,678389.0
2003-10-14,690256.0
2003-10-15,681331.0
2003-10-16,689442.0
2003-10-17,679684.0
2003-10-18,615388.0
2003-10-19,599599.0
2003-10-20,686573.0
2003-10-21,692168.0
2003-10-22,689187.0
2003-10-23,726272.0
2003-10-24,723865.0
2003-10-25,645856.0
2003-10-26,587920.0
2003-10-27,698891.0
2003-10-28,704053.0
2003-10-29,712831.0
2003-10-30,711431.0
2003-10-31,689104.0
2003-11-01,623191.0
2003-11-02,604127.0
2003-11-03,704181.0
2003-11-04,703638.0
2003-11-05,714552.0
2003-11-06,710084.0
2003-11-07,683484.0
2003-11-08,648382.0
2003-11-09,672490.0
2003-11-10,766441.0
2003-11-11,749218.0
2003-11-12,720222.0
2003-11-13,726315.0
2003-11-14,762914.0
2003-11-15,668891.0
2003-11-16,648927.0
2003-11-17,711925.0
2003-11-18,729692.0
2003-11-19,719434.0
2003-11-20,716784.0
2003-11-21,715736.0
2003-11-22,641221.0
2003-11-23,625886.0
2003-11-24,709820.0
2003-11-25,754085.0
2003-11-26,762924.0
2003-11-27,629639.0
2003-11-28,640627.0
2003-11-29,677124.0
2003-11-30,675292.0
2003-12-01,740611.0
2003-12-02,809734.0
2003-12-03,845817.0
2003-12-04,841318.0
2003-12-05,841631.0
2003-12-06,808017.0
2003-12-07,787378.0
2003-12-08,850796.0
2003-12-09,843061.0
2003-12-10,814782.0
2003-12-11,778132.0
2003-12-12,805082.0
2003-12-13,781348.0
2003-12-14,792602.0
2003-12-15,839965.0
2003-12-16,826148.0
2003-12-17,817918.0
2003-12-18,857279.0
2003-12-19,849880.0
2003-12-20,793845.0
2003-12-21,777031.0
2003-12-22,801680.0
2003-12-23,749692.0
2003-12-24,703678.0
2003-12-25,678680.0
2003-12-26,748258.0
2003-12-27,705055.0
2003-12-28,698046.0
2003-12-29,757862.0
2003-12-30,746758.0
2003-12-31,739893.0
2004-01-01,669246.0
2004-01-02,717758.0
2004-01-03,657300.0
2004-01-04,642610.0
2004-01-05,765304.0
2004-01-06,815305.0
2004-01-07,908676.0
2004-01-08,891779.0
2004-01-09,880460.0
2004-01-10,929116.0
2004-01-11,872574.0
2004-01-12,854767.0
2004-01-13,827819.0
2004-01-14,918386.0
2004-01-15,939468.0
2004-01-16,990735.0
2004-01-17,861025.0
2004-01-18,792631.0
2004-01-19,887039.0
2004-01-20,920951.0
2004-01-21,925742.0
2004-01-22,892768.0
2004-01-23,949642.0
2004-01-24,891469.0
2004-01-25,903892.0
2004-01-26,963060.0
2004-01-27,938056.0
2004-01-28,910752.0
2004-01-29,916052.0
2004-01-30,920821.0
2004-01-31,894697.0
2004-02-01,830660.0
2004-02-02,879166.0
2004-02-03,868831.0
2004-02-04,825696.0
2004-02-05,863596.0
2004-02-06,858086.0
2004-02-07,756690.0
2004-02-08,786140.0
2004-02-09,849010.0
2004-02-10,791324.0
2004-02-11,807910.0
2004-02-12,830943.0
2004-02-13,801556.0
2004-02-14,740722.0
2004-02-15,748068.0
2004-02-16,866408.0
2004-02-17,871895.0
2004-02-18,833181.0
2004-02-19,799770.0
2004-02-20,779165.0
2004-02-21,704713.0
2004-02-22,702874.0
2004-02-23,786031.0
2004-02-24,804339.0
2004-02-25,823562.0
2004-02-26,818911.0
2004-02-27,786676.0
2004-02-28,704533.0
2004-02-29,661572.0
2004-03-01,728216.0
2004-03-02,713831.0
2004-03-03,709857.0
2004-03-04,720931.0
2004-03-05,713561.0
2004-03-06,641354.0
2004-03-07,628184.0
2004-03-08,751011.0
2004-03-09,775200.0
2004-03-10,787817.0
2004-03-11,757283.0
2004-03-12,750411.0
2004-03-13,718693.0
2004-03-14,697095.0
2004-03-15,719919.0
2004-03-16,802252.0
2004-03-17,809063.0
2004-03-18,794130.0
2004-03-19,776087.0
2004-03-20,705738.0
2004-03-21,661884.0
2004-03-22,804253.0
2004-03-23,797416.0
2004-03-24,751617.0
2004-03-25,720725.0
2004-03-26,691649.0
2004-03-27,619041.0
2004-03-28,597143.0
2004-03-29,698792.0
2004-03-30,744048.0
2004-03-31,738738.0
2004-04-01,733650.0
2004-04-02,736711.0
2004-04-03,670702.0
2004-04-04,640329.0
2004-04-05,784982.0
2004-04-06,757784.0
2004-04-07,703297.0
2004-04-08,705288.0
2004-04-09,652739.0
2004-04-10,609269.0
2004-04-11,604827.0
2004-04-12,720699.0
2004-04-13,744455.0
2004-04-14,726752.0
2004-04-15,713365.0
2004-04-16,698518.0
2004-04-17,612753.0
2004-04-18,592567.0
2004-04-19,711775.0
2004-04-20,722381.0
2004-04-21,694707.0
2004-04-22,716539.0
2004-04-23,704087.0
2004-04-24,610055.0
2004-04-25,589067.0
2004-04-26,691287.0
2004-04-27,683621.0
2004-04-28,691308.0
2004-04-29,693518.0
2004-04-30,690359.0
2004-05-01,635500.0
2004-05-02,633529.0
2004-05-03,686613.0
2004-05-04,683152.0
2004-05-05,689076.0
2004-05-06,689451.0
2004-05-07,713722.0
2004-05-08,607928.0
2004-05-09,601032.0
2004-05-10,762487.0
2004-05-11,839502.0
2004-05-12,875791.0
2004-05-13,892060.0
2004-05-14,831347.0
2004-05-15,796896.0
2004-05-16,723916.0
2004-05-17,802351.0
2004-05-18,831456.0
2004-05-19,789038.0
2004-05-20,753028.0
2004-05-21,789042.0
2004-05-22,802244.0
2004-05-23,850274.0
2004-05-24,960770.0
2004-05-25,895812.0
2004-05-26,807661.0
2004-05-27,803275.0
2004-05-28,800451.0
2004-05-29,635501.0
2004-05-30,594604.0
2004-05-31,624360.0
2004-06-01,718157.0
2004-06-02,752017.0
2004-06-03,760461.0
2004-06-04,719727.0
2004-06-05,632196.0
2004-06-06,597647.0
2004-06-07,750897.0
2004-06-08,856821.0
2004-06-09,974495.0
2004-06-10,949104.0
2004-06-11,748580.0
2004-06-12,657532.0
2004-06-13,621075.0
2004-06-14,810884.0
2004-06-15,941428.0
2004-06-16,951709.0
2004-06-17,982163.0
2004-06-18,986513.0
2004-06-19,839278.0
2004-06-20,652011.0
2004-06-21,764025.0
2004-06-22,841899.0
2004-06-23,852033.0
2004-06-24,877312.0
2004-06-25,871795.0
2004-06-26,764335.0
2004-06-27,680430.0
2004-06-28,796776.0
2004-06-29,803581.0
2004-06-30,823998.0
2004-07-01,883933.0
2004-07-02,922627.0
2004-07-03,816653.0
2004-07-04,762571.0
2004-07-05,890153.0
2004-07-06,928536.0
2004-07-07,930819.0
2004-07-08,949441.0
2004-07-09,871497.0
2004-07-10,790278.0
2004-07-11,825504.0
2004-07-12,876918.0
2004-07-13,845075.0
2004-07-14,848712.0
2004-07-15,834556.0
2004-07-16,828604.0
2004-07-17,807726.0
2004-07-18,730912.0
2004-07-19,839154.0
2004-07-20,910738.0
2004-07-21,943248.0
2004-07-22,983334.0
2004-07-23,932840.0
2004-07-24,766402.0
2004-07-25,703191.0
2004-07-26,818688.0
2004-07-27,852126.0
2004-07-28,869406.0
2004-07-29,901914.0
2004-07-30,956174.0
2004-07-31,931877.0
2004-08-01,871502.0
2004-08-02,973293.0
2004-08-03,986346.0
2004-08-04,993873.0
2004-08-05,861149.0
2004-08-06,736650.0
2004-08-07,638744.0
2004-08-08,646989.0
2004-08-09,823512.0
2004-08-10,895715.0
2004-08-11,918768.0
2004-08-12,899865.0
2004-08-13,866381.0
2004-08-14,735588.0
2004-08-15,719217.0
2004-08-16,830185.0
2004-08-17,833961.0
2004-08-18,870083.0
2004-08-19,929177.0
2004-08-20,1003153.0
2004-08-21,847152.0
2004-08-22,675644.0
2004-08-23,811795.0
2004-08-24,864195.0
2004-08-25,849498.0
2004-08-26,847149.0
2004-08-27,904313.0
2004-08-28,910190.0
2004-08-29,895491.0
2004-08-30,970415.0
2004-08-31,935368.0
2004-09-01,852884.0
2004-09-02,835832.0
2004-09-03,828399.0
2004-09-04,772132.0
2004-09-05,687923.0
2004-09-06,663078.0
2004-09-07,830594.0
2004-09-08,876014.0
2004-09-09,906936.0
2004-09-10,828908.0
2004-09-11,708925.0
2004-09-12,685914.0
2004-09-13,829592.0
2004-09-14,793188.0
2004-09-15,761019.0
2004-09-16,802261.0
2004-09-17,825640.0
2004-09-18,706956.0
2004-09-19,594855.0
2004-09-20,683259.0
2004-09-21,717734.0
2004-09-22,755107.0
2004-09-23,804447.0
2004-09-24,787530.0
2004-09-25,681073.0
2004-09-26,656703.0
2004-09-27,748966.0
2004-09-28,793302.0
2004-09-29,738899.0
2004-09-30,725613.0
2004-10-01,705250.0
2004-10-02,646791.0
2004-10-03,610779.0
2004-10-04,700372.0
2004-10-05,686902.0
2004-10-06,694081.0
2004-10-07,704390.0
2004-10-08,702069.0
2004-10-09,628440.0
2004-10-10,600067.0
2004-10-11,673053.0
2004-10-12,693087.0
2004-10-13,697536.0
2004-10-14,699633.0
2004-10-15,697118.0
2004-10-16,621434.0
2004-10-17,615356.0
2004-10-18,701842.0
2004-10-19,712695.0
2004-10-20,715424.0
2004-10-21,713203.0
2004-10-22,702452.0
2004-10-23,640549.0
2004-10-24,631838.0
2004-10-25,704067.0
2004-10-26,704551.0
2004-10-27,705943.0
2004-10-28,703609.0
2004-10-29,701980.0
2004-10-30,634221.0
2004-10-31,582852.0
2004-11-01,683875.0
2004-11-02,695313.0
2004-11-03,691951.0
2004-11-04,731885.0
2004-11-05,710706.0
2004-11-06,650508.0
2004-11-07,617909.0
2004-11-08,710483.0
2004-11-09,758951.0
2004-11-10,773128.0
2004-11-11,732893.0
2004-11-12,750237.0
2004-11-13,700809.0
2004-11-14,695130.0
2004-11-15,754912.0
2004-11-16,740328.0
2004-11-17,736140.0
2004-11-18,718247.0
2004-11-19,706542.0
2004-11-20,656971.0
2004-11-21,634417.0
2004-11-22,721468.0
2004-11-23,730541.0
2004-11-24,724847.0
2004-11-25,615034.0
2004-11-26,685974.0
2004-11-27,666606.0
2004-11-28,638302.0
2004-11-29,737420.0
2004-11-30,755705.0
2004-12-01,752566.0
2004-12-02,774721.0
2004-12-03,782304.0
2004-12-04,733338.0
2004-12-05,686820.0
2004-12-06,788391.0
2004-12-07,781651.0
2004-12-08,738065.0
2004-12-09,775165.0
2004-12-10,759004.0
2004-12-11,694072.0
2004-12-12,707945.0
2004-12-13,787824.0
2004-12-14,834986.0
2004-12-15,871972.0
2004-12-16,857749.0
2004-12-17,810686.0
2004-12-18,776400.0
2004-12-19,774145.0
2004-12-20,987114.0
2004-12-21,926519.0
2004-12-22,830253.0
2004-12-23,764052.0
2004-12-24,766500.0
2004-12-25,764227.0
2004-12-26,802126.0
2004-12-27,880815.0
2004-12-28,903367.0
2004-12-29,819761.0
2004-12-30,774823.0
2004-12-31,704125.0
2005-01-01,634980.0
2005-01-02,688057.0
2005-01-03,738551.0
2005-01-04,735790.0
2005-01-05,782628.0
2005-01-06,804256.0
2005-01-07,783898.0
2005-01-08,741365.0
2005-01-09,726230.0
2005-01-10,788526.0
2005-01-11,807643.0
2005-01-12,790333.0
2005-01-13,755388.0
2005-01-14,757754.0
2005-01-15,779304.0
2005-01-16,779061.0
2005-01-17,891132.0
2005-01-18,977747.0
2005-01-19,983026.0
2005-01-20,902521.0
2005-01-21,930352.0
2005-01-22,944237.0
2005-01-23,895079.0
2005-01-24,978766.0
2005-01-25,903368.0
2005-01-26,859686.0
2005-01-27,951646.0
2005-01-28,972225.0
2005-01-29,879086.0
2005-01-30,803751.0
2005-01-31,869420.0
2005-02-01,879134.0
2005-02-02,872256.0
2005-02-03,864986.0
2005-02-04,818898.0
2005-02-05,732139.0
2005-02-06,706398.0
2005-02-07,775392.0
2005-02-08,772870.0
2005-02-09,757264.0
2005-02-10,792902.0
2005-02-11,836941.0
2005-02-12,762994.0
2005-02-13,723088.0
2005-02-14,814044.0
2005-02-15,753196.0
2005-02-16,763510.0
2005-02-17,815495.0
2005-02-18,868090.0
2005-02-19,818681.0
2005-02-20,758853.0
2005-02-21,796999.0
2005-02-22,790316.0
2005-02-23,792975.0
2005-02-24,864171.0
2005-02-25,847632.0
2005-02-26,781688.0
2005-02-27,753871.0
2005-02-28,851744.0
2005-03-01,832125.0
2005-03-02,854084.0
2005-03-03,873203.0
2005-03-04,843505.0
2005-03-05,756779.0
2005-03-06,720749.0
2005-03-07,742929.0
2005-03-08,809643.0
2005-03-09,899282.0
2005-03-10,864133.0
2005-03-11,806985.0
2005-03-12,728904.0
2005-03-13,708410.0
2005-03-14,788910.0
2005-03-15,802112.0
2005-03-16,792421.0
2005-03-17,788114.0
2005-03-18,761836.0
2005-03-19,689036.0
2005-03-20,679335.0
2005-03-21,756328.0
2005-03-22,751122.0
2005-03-23,788757.0
2005-03-24,779794.0
2005-03-25,726017.0
2005-03-26,684804.0
2005-03-27,648826.0
2005-03-28,757473.0
2005-03-29,732512.0
2005-03-30,716890.0
2005-03-31,726581.0
2005-04-01,702139.0
2005-04-02,673344.0
2005-04-03,650536.0
2005-04-04,729074.0
2005-04-05,708581.0
2005-04-06,697039.0
2005-04-07,693817.0
2005-04-08,677984.0
2005-04-09,615754.0
2005-04-10,599984.0
2005-04-11,673844.0
2005-04-12,694904.0
2005-04-13,697072.0
2005-04-14,696752.0
2005-04-15,687652.0
2005-04-16,631570.0
2005-04-17,607500.0
2005-04-18,680427.0
2005-04-19,697663.0
2005-04-20,730732.0
2005-04-21,694550.0
2005-04-22,680805.0
2005-04-23,628910.0
2005-04-24,610587.0
2005-04-25,706706.0
2005-04-26,696048.0
2005-04-27,685322.0
2005-04-28,679799.0
2005-04-29,677917.0
2005-04-30,631761.0
2005-05-01,590348.0
2005-05-02,685617.0
2005-05-03,696260.0
2005-05-04,692042.0
2005-05-05,694614.0
2005-05-06,689667.0
2005-05-07,620784.0
2005-05-08,583023.0
2005-05-09,683036.0
2005-05-10,692407.0
2005-05-11,715652.0
2005-05-12,709709.0
2005-05-13,670193.0
2005-05-14,629302.0
2005-05-15,619586.0
2005-05-16,690650.0
2005-05-17,684863.0
2005-05-18,689167.0
2005-05-19,690587.0
2005-05-20,684168.0
2005-05-21,613887.0
2005-05-22,589579.0
2005-05-23,677728.0
2005-05-24,688907.0
2005-05-25,698524.0
2005-05-26,697512.0
2005-05-27,703162.0
2005-05-28,620811.0
2005-05-29,584268.0
2005-05-30,600490.0
2005-05-31,709445.0
2005-06-01,721008.0
2005-06-02,706657.0
2005-06-03,698127.0
2005-06-04,654246.0
2005-06-05,720783.0
2005-06-06,912278.0
2005-06-07,913709.0
2005-06-08,991276.0
2005-06-09,1002858.0
2005-06-10,974825.0
2005-06-11,917249.0
2005-06-12,897537.0
2005-06-13,1037938.0
2005-06-14,1097673.0
2005-06-15,1021277.0
2005-06-16,886975.0
2005-06-17,771963.0
2005-06-18,691476.0
2005-06-19,647443.0
2005-06-20,741331.0
2005-06-21,796818.0
2005-06-22,838767.0
2005-06-23,811766.0
2005-06-24,874445.0
2005-06-25,886313.0
2005-06-26,909450.0
2005-06-27,946070.0
2005-06-28,1012831.0
2005-06-29,986668.0
2005-06-30,976463.0
2005-07-01,972039.0
2005-07-02,838171.0
2005-07-03,739082.0
2005-07-04,773139.0
2005-07-05,917730.0
2005-07-06,949868.0
2005-07-07,876046.0
2005-07-08,789502.0
2005-07-09,769451.0
2005-07-10,818609.0
2005-07-11,976414.0
2005-07-12,1033973.0
2005-07-13,973719.0
2005-07-14,989516.0
2005-07-15,999921.0
2005-07-16,914572.0
2005-07-17,906300.0
2005-07-18,1076620.0
2005-07-19,1115074.0
2005-07-20,1084195.0
2005-07-21,1053901.0
2005-07-22,1073583.0
2005-07-23,936555.0
2005-07-24,833476.0
2005-07-25,1016569.0
2005-07-26,1134115.0
2005-07-27,1161914.0
2005-07-28,939469.0
2005-07-29,909761.0
2005-07-30,874113.0
2005-07-31,835029.0
2005-08-01,971539.0
2005-08-02,1064743.0
2005-08-03,1101693.0
2005-08-04,1124614.0
2005-08-05,1110138.0
2005-08-06,932442.0
2005-08-07,880288.0
2005-08-08,963394.0
2005-08-09,911306.0
2005-08-10,984875.0
2005-08-11,1069544.0
2005-08-12,1114158.0
2005-08-13,1093685.0
2005-08-14,1065196.0
2005-08-15,1019633.0
2005-08-16,902820.0
2005-08-17,925896.0
2005-08-18,922340.0
2005-08-19,879480.0
2005-08-20,875437.0
2005-08-21,965090.0
2005-08-22,951692.0
2005-08-23,873698.0
2005-08-24,852254.0
2005-08-25,832072.0
2005-08-26,832715.0
2005-08-27,770276.0
2005-08-28,811465.0
2005-08-29,960873.0
2005-08-30,996192.0
2005-08-31,1043338.0
2005-09-01,927160.0
2005-09-02,912568.0
2005-09-03,774799.0
2005-09-04,714148.0
2005-09-05,731328.0
2005-09-06,815061.0
2005-09-07,813739.0
2005-09-08,837115.0
2005-09-09,822939.0
2005-09-10,746510.0
2005-09-11,711568.0
2005-09-12,853582.0
2005-09-13,913676.0
2005-09-14,920592.0
2005-09-15,989505.0
2005-09-16,989102.0
2005-09-17,892090.0
2005-09-18,786759.0
2005-09-19,876059.0
2005-09-20,898712.0
2005-09-21,853023.0
2005-09-22,843932.0
2005-09-23,903595.0
2005-09-24,711305.0
2005-09-25,672583.0
2005-09-26,815187.0
2005-09-27,785917.0
2005-09-28,738272.0
2005-09-29,743746.0
2005-09-30,691343.0
2005-10-01,631431.0
2005-10-02,631623.0
2005-10-03,735058.0
2005-10-04,760778.0
2005-10-05,776654.0
2005-10-06,791326.0
2005-10-07,819918.0
2005-10-08,744945.0
2005-10-09,623269.0
2005-10-10,699413.0
2005-10-11,716635.0
2005-10-12,711703.0
2005-10-13,716025.0
2005-10-14,711874.0
2005-10-15,644479.0
2005-10-16,610112.0
2005-10-17,691310.0
2005-10-18,703137.0
2005-10-19,704010.0
2005-10-20,695256.0
2005-10-21,699851.0
2005-10-22,652577.0
2005-10-23,618625.0
2005-10-24,717117.0
2005-10-25,742265.0
2005-10-26,742261.0
2005-10-27,745583.0
2005-10-28,735201.0
2005-10-29,682912.0
2005-10-30,623702.0
2005-10-31,715033.0
2005-11-01,714200.0
2005-11-02,710074.0
2005-11-03,723571.0
2005-11-04,700487.0
2005-11-05,632531.0
2005-11-06,614024.0
2005-11-07,689747.0
2005-11-08,709692.0
2005-11-09,715818.0
2005-11-10,713087.0
2005-11-11,730142.0
2005-11-12,675215.0
2005-11-13,636292.0
2005-11-14,697363.0
2005-11-15,720031.0
2005-11-16,720872.0
2005-11-17,754144.0
2005-11-18,795747.0
2005-11-19,734244.0
2005-11-20,683859.0
2005-11-21,760225.0
2005-11-22,781541.0
2005-11-23,817980.0
2005-11-24,710346.0
2005-11-25,787038.0
2005-11-26,755646.0
2005-11-27,698110.0
2005-11-28,723453.0
2005-11-29,723458.0
2005-11-30,729656.0
2005-12-01,785356.0
2005-12-02,812760.0
2005-12-03,794749.0
2005-12-04,766631.0
2005-12-05,852624.0
2005-12-06,860944.0
2005-12-07,890966.0
2005-12-08,898495.0
2005-12-09,873751.0
2005-12-10,817553.0
2005-12-11,792676.0
2005-12-12,858781.0
2005-12-13,924678.0
2005-12-14,975164.0
2005-12-15,955642.0
2005-12-16,837061.0
2005-12-17,800372.0
2005-12-18,789908.0
2005-12-19,879118.0
2005-12-20,921094.0
2005-12-21,909271.0
2005-12-22,880776.0
2005-12-23,804950.0
2005-12-24,716319.0
2005-12-25,709791.0
2005-12-26,721682.0
2005-12-27,792186.0
2005-12-28,799397.0
2005-12-29,772540.0
2005-12-30,764778.0
2005-12-31,754343.0
2006-01-01,709984.0
2006-01-02,769220.0
2006-01-03,818656.0
2006-01-04,822402.0
2006-01-05,796940.0
2006-01-06,819041.0
2006-01-07,798494.0
2006-01-08,739939.0
2006-01-09,772738.0
2006-01-10,774476.0
2006-01-11,793126.0
2006-01-12,753192.0
2006-01-13,764074.0
2006-01-14,702210.0
2006-01-15,792441.0
2006-01-16,862322.0
2006-01-17,857421.0
2006-01-18,792475.0
2006-01-19,821372.0
2006-01-20,771033.0
2006-01-21,699980.0
2006-01-22,718561.0
2006-01-23,811867.0
2006-01-24,803242.0
2006-01-25,827774.0
2006-01-26,863528.0
2006-01-27,847218.0
2006-01-28,733244.0
2006-01-29,709560.0
2006-01-30,744610.0
2006-01-31,779175.0
2006-02-01,798775.0
2006-02-02,785272.0
2006-02-03,739464.0
2006-02-04,702894.0
2006-02-05,696689.0
2006-02-06,814061.0
2006-02-07,825964.0
2006-02-08,845354.0
2006-02-09,852101.0
2006-02-10,846786.0
2006-02-11,784107.0
2006-02-12,783127.0
2006-02-13,861316.0
2006-02-14,833922.0
2006-02-15,798762.0
2006-02-16,762402.0
2006-02-17,744004.0
2006-02-18,787811.0
2006-02-19,828886.0
2006-02-20,836969.0
2006-02-21,836332.0
2006-02-22,840215.0
2006-02-23,802169.0
2006-02-24,817213.0
2006-02-25,763237.0
2006-02-26,790765.0
2006-02-27,889088.0
2006-02-28,854159.0
2006-03-01,819051.0
2006-03-02,842351.0
2006-03-03,842728.0
2006-03-04,785290.0
2006-03-05,728059.0
2006-03-06,789197.0
2006-03-07,796245.0
2006-03-08,797089.0
2006-03-09,750616.0
2006-03-10,707519.0
2006-03-11,629338.0
2006-03-12,619117.0
2006-03-13,701553.0
2006-03-14,703296.0
2006-03-15,767167.0
2006-03-16,764686.0
2006-03-17,746713.0
2006-03-18,724469.0
2006-03-19,712970.0
2006-03-20,786169.0
2006-03-21,813759.0
2006-03-22,800480.0
2006-03-23,774724.0
2006-03-24,759641.0
2006-03-25,695689.0
2006-03-26,682611.0
2006-03-27,741727.0
2006-03-28,737660.0
2006-03-29,716334.0
2006-03-30,712479.0
2006-03-31,692405.0
2006-04-01,619715.0
2006-04-02,570246.0
2006-04-03,694589.0
2006-04-04,709731.0
2006-04-05,736308.0
2006-04-06,725213.0
2006-04-07,710131.0
2006-04-08,656095.0
2006-04-09,645545.0
2006-04-10,704886.0
2006-04-11,695661.0
2006-04-12,686146.0
2006-04-13,683224.0
2006-04-14,642782.0
2006-04-15,611950.0
2006-04-16,562886.0
2006-04-17,658569.0
2006-04-18,680561.0
2006-04-19,686103.0
2006-04-20,700041.0
2006-04-21,672888.0
2006-04-22,642212.0
2006-04-23,609820.0
2006-04-24,681070.0
2006-04-25,690712.0
2006-04-26,681961.0
2006-04-27,692321.0
2006-04-28,669499.0
2006-04-29,610137.0
2006-04-30,592537.0
2006-05-01,677477.0
2006-05-02,686982.0
2006-05-03,690018.0
2006-05-04,711462.0
2006-05-05,718576.0
2006-05-06,638454.0
2006-05-07,589877.0
2006-05-08,676460.0
2006-05-09,684235.0
2006-05-10,700183.0
2006-05-11,697554.0
2006-05-12,691753.0
2006-05-13,624314.0
2006-05-14,589075.0
2006-05-15,687579.0
2006-05-16,693094.0
2006-05-17,694788.0
2006-05-18,702696.0
2006-05-19,679363.0
2006-05-20,614311.0
2006-05-21,597383.0
2006-05-22,676997.0
2006-05-23,684088.0
2006-05-24,693252.0
2006-05-25,702766.0
2006-05-26,731999.0
2006-05-27,696246.0
2006-05-28,692275.0
2006-05-29,765972.0
2006-05-30,959224.0
2006-05-31,934982.0
2006-06-01,960691.0
2006-06-02,902943.0
2006-06-03,728724.0
2006-06-04,648529.0
2006-06-05,735436.0
2006-06-06,755553.0
2006-06-07,751359.0
2006-06-08,758034.0
2006-06-09,762289.0
2006-06-10,642724.0
2006-06-11,611343.0
2006-06-12,715240.0
2006-06-13,775701.0
2006-06-14,789298.0
2006-06-15,785310.0
2006-06-16,804929.0
2006-06-17,780890.0
2006-06-18,868525.0
2006-06-19,986945.0
2006-06-20,939423.0
2006-06-21,925276.0
2006-06-22,976826.0
2006-06-23,969640.0
2006-06-24,840989.0
2006-06-25,773816.0
2006-06-26,882144.0
2006-06-27,917640.0
2006-06-28,966643.0
2006-06-29,963005.0
2006-06-30,863783.0
2006-07-01,811246.0
2006-07-02,860831.0
2006-07-03,949247.0
2006-07-04,912393.0
2006-07-05,910481.0
2006-07-06,835001.0
2006-07-07,812127.0
2006-07-08,773997.0
2006-07-09,797176.0
2006-07-10,933985.0
2006-07-11,1038940.0
2006-07-12,1045047.0
2006-07-13,997863.0
2006-07-14,1007720.0
2006-07-15,914086.0
2006-07-16,951886.0
2006-07-17,1127103.0
2006-07-18,1157309.0
2006-07-19,1043821.0
2006-07-20,1036428.0
2006-07-21,1057103.0
2006-07-22,914820.0
2006-07-23,811557.0
2006-07-24,920531.0
2006-07-25,966501.0
2006-07-26,1025299.0
2006-07-27,1070166.0
2006-07-28,1038199.0
2006-07-29,992115.0
2006-07-30,1004842.0
2006-07-31,1113363.0
2006-08-01,1205397.0
2006-08-02,1253516.0
2006-08-03,1243764.0
2006-08-04,1120282.0
2006-08-05,931153.0
2006-08-06,890109.0
2006-08-07,1040656.0
2006-08-08,1010143.0
2006-08-09,909272.0
2006-08-10,905264.0
2006-08-11,855373.0
2006-08-12,730467.0
2006-08-13,709146.0
2006-08-14,893714.0
2006-08-15,965507.0
2006-08-16,932523.0
2006-08-17,929407.0
2006-08-18,907996.0
2006-08-19,869475.0
2006-08-20,922232.0
2006-08-21,929168.0
2006-08-22,925216.0
2006-08-23,933605.0
2006-08-24,911448.0
2006-08-25,930896.0
2006-08-26,813770.0
2006-08-27,790911.0
2006-08-28,938896.0
2006-08-29,932714.0
2006-08-30,843775.0
2006-08-31,784644.0
2006-09-01,726551.0
2006-09-02,651079.0
2006-09-03,641498.0
2006-09-04,668322.0
2006-09-05,743898.0
2006-09-06,766209.0
2006-09-07,791810.0
2006-09-08,808061.0
2006-09-09,767148.0
2006-09-10,710487.0
2006-09-11,740963.0
2006-09-12,717520.0
2006-09-13,722314.0
2006-09-14,749380.0
2006-09-15,752640.0
2006-09-16,693908.0
2006-09-17,699021.0
2006-09-18,823366.0
2006-09-19,817732.0
2006-09-20,736947.0
2006-09-21,704244.0
2006-09-22,699048.0
2006-09-23,684367.0
2006-09-24,720363.0
2006-09-25,740315.0
2006-09-26,722351.0
2006-09-27,726788.0
2006-09-28,737739.0
2006-09-29,699317.0
2006-09-30,626417.0
2006-10-01,617517.0
2006-10-02,696726.0
2006-10-03,736948.0
2006-10-04,779327.0
2006-10-05,728334.0
2006-10-06,695351.0
2006-10-07,632930.0
2006-10-08,609583.0
2006-10-09,705155.0
2006-10-10,730355.0
2006-10-11,725420.0
2006-10-12,721428.0
2006-10-13,697436.0
2006-10-14,651244.0
2006-10-15,640408.0
2006-10-16,719260.0
2006-10-17,727609.0
2006-10-18,728777.0
2006-10-19,721923.0
2006-10-20,710199.0
2006-10-21,638950.0
2006-10-22,633418.0
2006-10-23,720298.0
2006-10-24,752781.0
2006-10-25,749296.0
2006-10-26,750533.0
2006-10-27,755506.0
2006-10-28,668209.0
2006-10-29,638613.0
2006-10-30,734410.0
2006-10-31,730534.0
2006-11-01,711440.0
2006-11-02,715005.0
2006-11-03,755887.0
2006-11-04,715887.0
2006-11-05,689089.0
2006-11-06,756176.0
2006-11-07,744835.0
2006-11-08,735587.0
2006-11-09,714520.0
2006-11-10,696229.0
2006-11-11,644324.0
2006-11-12,646432.0
2006-11-13,733970.0
2006-11-14,723113.0
2006-11-15,722892.0
2006-11-16,735242.0
2006-11-17,709920.0
2006-11-18,683610.0
2006-11-19,680573.0
2006-11-20,779290.0
2006-11-21,787064.0
2006-11-22,800756.0
2006-11-23,691284.0
2006-11-24,672756.0
2006-11-25,672839.0
2006-11-26,665463.0
2006-11-27,733209.0
2006-11-28,742603.0
2006-11-29,739456.0
2006-11-30,732589.0
2006-12-01,727654.0
2006-12-02,691454.0
2006-12-03,720766.0
2006-12-04,823290.0
2006-12-05,860871.0
2006-12-06,843395.0
2006-12-07,802096.0
2006-12-08,901994.0
2006-12-09,828624.0
2006-12-10,751564.0
2006-12-11,791706.0
2006-12-12,788185.0
2006-12-13,776403.0
2006-12-14,766887.0
2006-12-15,762961.0
2006-12-16,714573.0
2006-12-17,710900.0
2006-12-18,755611.0
2006-12-19,790969.0
2006-12-20,830235.0
2006-12-21,815790.0
2006-12-22,787256.0
2006-12-23,684741.0
2006-12-24,670270.0
2006-12-25,698082.0
2006-12-26,717518.0
2006-12-27,775636.0
2006-12-28,791421.0
2006-12-29,761336.0
2006-12-30,709574.0
